Ticker,Company,Share/ Par,% TNA,Class of shares,CUSIP,Market value
"MU","Micron Technology Inc","2,064,108.00","9.48%","Common Stock","595112103","$2,218,689,048.12"
"AAPL","Apple Inc","6,245,546.00","8.90%","Common Stock","037833100","$2,084,076,244.74"
"AMD","Advanced Micro Devices Inc","2,129,186.00","5.76%","Common Stock","007903107","$1,349,712,297.26"
"INTC","Intel Corp","10,688,703.00","5.45%","Common Stock","458140100","$1,275,482,928.99"
"GOOGL","Alphabet Inc","3,234,858.00","4.75%","Common Stock","02079K305","$1,111,173,723"
"JNJ","Johnson & Johnson","3,940,256.00","4.31%","Common Stock","478160104","$1,008,823,743.68"
"GOOG","Alphabet Inc","2,627,060.00","3.82%","Common Stock","02079K107","$894,119,871"
"LRCX","Lam Research Corp","2,107,175.00","3.13%","Common Stock","512807306","$732,222,240.75"
"XOM","ExxonMobil Holdings Corp","4,322,521.00","3.03%","Common Stock","30233Q108","$708,936,669.21"
"AMAT","Applied Materials Inc","1,254,546.00","2.89%","Common Stock","038222105","$677,505,021.84"
"SNDK","Sandisk Corp","366,619.00","2.69%","Common Stock","80004C200","$630,581,013.81"
"CSCO","Cisco Systems Inc","4,938,796.00","2.38%","Common Stock","17275R102","$554,132,911.20"
"MRK","Merck & Co Inc","3,409,592.00","2.10%","Common Stock","58933Y105","$492,004,125.60"
"CAT","Caterpillar Inc","573,393.00","2.07%","Common Stock","149123101","$484,757,910.06"
"STX","Seagate Technology Holdings PLC","569,178.00","2.07%","Common Stock","G7997R103","$483,226,430.22"
"PANW","Palo Alto Networks Inc","1,010,410.00","1.74%","Common Stock","697435105","$407,437,728.40"
"WDC","Western Digital Corp","905,404.00","1.61%","Common Stock","958102105","$376,005,227.16"
"UNH","UnitedHealth Group Inc","969,853.00","1.54%","Common Stock","91324P102","$360,688,330.70"
"KO","Coca-Cola Co/The","4,054,709.00","1.48%","Common Stock","191216100","$347,285,825.85"
"KLAC","KLA Corp","1,418,808.00","1.25%","Common Stock","482480100","$293,537,187.12"
"DELL","Dell Technologies Inc","465,435.00","1.12%","Common Stock","24703L202","$261,816,496.20"
"MRVL","Marvell Technology Inc","910,460.00","1.06%","Common Stock","573874104","$247,909,153.40"
"MS","Morgan Stanley","1,296,165.00","1.05%","Common Stock","617446448","$246,673,161.15"
"LITE","Lumentum Holdings Inc","222,358.00","1.03%","Common Stock","55024U109","$241,351,820.36"
"GS","Goldman Sachs Group Inc/The","264,198.00","1.02%","Common Stock","38141G104","$238,454,546.88"
"RTX","RTX Corp","1,289,218.00","1.02%","Common Stock","75513E101","$238,092,780.24"
"ADI","Analog Devices Inc","533,759.00","0.95%","Common Stock","032654105","$222,657,566.85"
"VLO","Valero Energy Corp","526,587.00","0.91%","Common Stock","91913Y100","$213,952,298.10"
"C","Citigroup Inc","1,616,085.00","0.89%","Common Stock","172967424","$207,666,922.50"
"WELL","Welltower Inc","824,641.00","0.80%","Real Estate Investment Trust","95040Q104","$187,779,002.11"
"MPC","Marathon Petroleum Corp","405,965.00","0.73%","Common Stock","56585A102","$171,451,198.45"
"BMY","Bristol-Myers Squibb Co","2,421,106.00","0.64%","Common Stock","110122108","$148,050,631.90"
"CVS","CVS Health Corp","1,687,134.00","0.62%","Common Stock","126650100","$145,869,605.64"
"PSX","Phillips 66","547,061.00","0.62%","Common Stock","718546104","$144,741,399.38"
"BNY","Bank of New York Mellon Corp/The","958,699.00","0.60%","Common Stock","064058100","$139,394,834.60"
"GLW","Corning Inc","844,935.00","0.59%","Common Stock","219350105","$138,729,877.65"
"PLD","Prologis Inc","1,010,006.00","0.56%","Real Estate Investment Trust","74340W103","$130,199,873.46"
"HPE","Hewlett Packard Enterprise Co","1,864,596.00","0.55%","Common Stock","42824C109","$129,272,440.68"
"ROST","Ross Stores Inc","533,759.00","0.52%","Common Stock","778296103","$121,985,281.86"
"CB","Chubb Ltd","367,672.00","0.52%","Common Stock","H1467J104","$121,658,988.08"
"TER","Teradyne Inc","260,320.00","0.50%","Common Stock","880770102","$116,894,092.80"
"CIEN","Ciena Corp","289,543.00","0.48%","Common Stock","171779309","$113,309,757.62"
"PH","Parker-Hannifin Corp","112,509.00","0.47%","Common Stock","701094104","$109,420,627.95"
"USB","US Bancorp","1,803,385.00","0.45%","Common Stock","902973304","$103,712,671.35"
"HWM","Howmet Aerospace Inc","432,323.00","0.43%","Common Stock","443201108","$99,983,340.21"
"LMT","Lockheed Martin Corp","197,074.00","0.43%","Common Stock","539830109","$99,603,170.34"
"CSX","CSX Corp","2,059,578.00","0.42%","Common Stock","126408103","$97,685,784.54"
"PWR","Quanta Services Inc","143,213.00","0.41%","Common Stock","74762E102","$96,892,187.28"
"TRV","Travelers Cos Inc/The","259,231.00","0.40%","Common Stock","89417E109","$93,421,667.78"
"PNC","PNC Financial Services Group Inc/The","401,112.00","0.38%","Common Stock","693475105","$88,657,785.36"
"JCI","Johnson Controls International plc","564,706.00","0.38%","Common Stock","G51502105","$88,229,665.44"
"FDX","FedEx Corp","304,613.00","0.38%","Common Stock","31428X106","$88,447,430.68"
"FIX","Comfort Systems USA Inc","49,710.00","0.37%","Common Stock","199908104","$85,899,377.10"
"CMI","Cummins Inc","162,187.00","0.37%","Common Stock","231021106","$85,686,635.84"
"SPG","Simon Property Group Inc","424,384.00","0.36%","Real Estate Investment Trust","828806109","$85,279,964.80"
"KEYS","Keysight Technologies Inc","210,529.00","0.35%","Common Stock","49338L103","$80,977,874.56"
"MNST","Monster Beverage Corp","1,873,228.00","0.34%","Common Stock","61174X109","$80,436,410.32"
"GM","General Motors Co","1,016,106.00","0.34%","Common Stock","37045V100","$79,530,616.62"
"TRGP","Targa Resources Corp","280,613.00","0.34%","Common Stock","87612G101","$79,059,906.62"
"MPWR","Monolithic Power Systems Inc","54,335.00","0.33%","Common Stock","609839105","$78,227,729.55"
"NUE","Nucor Corp","321,782.00","0.33%","Common Stock","670346105","$77,353,174.98"
"MAR","Marriott International Inc/MD","211,948.00","0.32%","Common Stock","571903202","$76,080,854.08"
"TGT","Target Corp","456,932.00","0.30%","Common Stock","87612E106","$71,281,392"
"STT","State Street Corp","402,054.00","0.30%","Common Stock","857477103","$70,745,421.84"
"COHR","Coherent Corp","208,410.00","0.30%","Common Stock","19247G107","$70,242,506.40"
"WAB","Westinghouse Air Brake Technologies Corp","191,368.00","0.24%","Common Stock","929740108","$55,025,954.72"
"AFL","Aflac Inc","480,597.00","0.23%","Common Stock","001055102","$53,605,789.38"
"CAH","Cardinal Health Inc","233,372.00","0.23%","Common Stock","14149Y108","$53,278,827.60"
"DAL","Delta Air Lines Inc","598,854.00","0.22%","Common Stock","247361702","$50,357,632.86"
"VTR","Ventas Inc","589,502.00","0.21%","Real Estate Investment Trust","92276F100","$49,524,063.02"
"FLEX","Flex Ltd","410,948.00","0.20%","Common Stock","Y2573F102","$47,920,646.28"
"NTAP","NetApp Inc","205,330.00","0.20%","Common Stock","64110D104","$46,460,019.10"
"STLD","Steel Dynamics Inc","198,650.00","0.20%","Common Stock","858119100","$46,084,813.50"
"CNC","Centene Corp","729,156.00","0.20%","Common Stock","15135B101","$45,929,536.44"
"ADM","Archer-Daniels-Midland Co","528,282.00","0.18%","Common Stock","039483102","$42,500,286.90"
"VTRS","Viatris Inc","1,930,813.00","0.15%","Common Stock","92556V106","$33,982,308.80"
"NTRS","Northern Trust Corp","190,911.00","0.14%","Common Stock","665859104","$32,722,145.40"
"BIIB","Biogen Inc","148,167.00","0.14%","Common Stock","09062X103","$32,578,959.96"
"CFG","Citizens Financial Group Inc","489,740.00","0.13%","Common Stock","174610105","$31,504,974.20"
"PFG","Principal Financial Group Inc","249,386.00","0.12%","Common Stock","74251V102","$27,921,256.56"
"DGX","Quest Diagnostics Inc","115,349.00","0.11%","Common Stock","74834L100","$26,914,382.17"
"CASY","Casey's General Stores Inc","43,513.00","0.11%","Common Stock","147528103","$26,880,590.88"
"EXPD","Expeditors International of Washington Inc","124,565.00","0.10%","Common Stock","302130109","$23,975,025.55"
"HST","Host Hotels & Resorts Inc","1,035,970.00","0.10%","Real Estate Investment Trust","44107P104","$23,371,483.20"
"EIX","Edison International","429,561.00","0.10%","Common Stock","281020107","$23,149,042.29"
"JBHT","JB Hunt Transport Services Inc","94,918.00","0.09%","Common Stock","445658107","$22,229,795.60"
"INCY","Incyte Corp","180,304.00","0.09%","Common Stock","45337C102","$20,789,051.20"
"NDSN","Nordson Corp","58,768.00","0.08%","Common Stock","655663102","$19,601,478.72"
"IEX","IDEX Corp","80,066.00","0.08%","Common Stock","45167R104","$18,654,577.34"
"APA","APA Corp","426,161.00","0.08%","Common Stock","03743Q108","$18,614,712.48"
"DD","DuPont de Nemours Inc","142,678.00","0.08%","Common Stock","26614N201","$18,545,286.44"
"L","Loews Corp","172,280.00","0.08%","Common Stock","540424108","$18,266,848.40"
"EVRG","Evergy Inc","203,911.00","0.07%","Common Stock","30034W106","$16,143,633.87"
"AIZ","Assurant Inc","58,884.00","0.07%","Common Stock","04621X108","$15,740,870.88"
"ECHO","EchoStar Corp","141,954.00","0.06%","Common Stock","278768106","$13,379,164.50"
"IVZ","Invesco Ltd","393,985.00","0.05%","Common Stock","G491BT108","$12,079,580.10"
"FRT","Federal Realty Investment Trust","102,073.00","0.05%","Real Estate Investment Trust","313745101","$10,890,168.37"
"BEN","Franklin Templeton Inc","306,991.00","0.04%","Common Stock","354613101","$10,072,374.71"
"DVA","DaVita Inc","34,484.00","0.03%","Common Stock","23918K108","$6,161,945.96"
"AGPXX","Invesco Government & Agency Portfolio","5,388,485.75","0.02%","Money Market Fund, Taxable","825252885","$5,388,485.75"
"USD","CASH & EQUIVALENTS","942.10","0.00%","Currency","CASHUSD00","$942.10"
"--","SECURITIES LENDING - BNYM","1.00","0.00%","Uninvestible Cash","BNYMLEND","$0.01"
"USDPDV","USD Pending Dividends","0.00","--","Currency","--","$7,605,735.20"

# as of 2026-10-02